ID,Putative_Species,S1_Angle_deg,S1_Length_cm,S1_Width_cm,S1_MP_Width_cm,S1_Length_to_Caudate_Appendage_cm,S1_Inner_Outer_Ratio,S1_Tip_Shape,S2_Angle_deg,Sepal_2_Length_cm,S2_Width_cm,S2_MP_Width_cm,S2_Length_to_Caudate_Appendage_cm,S2_Inner_Outer_Ratio,S2_Tip_Shape,S3_Angle_deg,S3_Length_cm,S3_Width_cm,S3_MP_Width_cm,S3_Length_to_Caudate_Appendage_cm,S3_Inner_Outer_Ratio,S3_Tip_Shape,Overall_Sepal_Orientation,Calyx_Ad_Pub,Calyx_Ab_Pub,Tube_Color,Rudimentary_Petals,Style_Tube_Shape,Pedicle_Width_mm,Pedicle_Length_cm,Tube_Length,Stamen_Length_cm,Dist_to_Gyn_Center_cm,Gyn_Height_cm,Gyn_Width_mm,Avg_Leaf_Length_cm,Avg_Leaf_Width_cm,Adaxial_Leaf_Pubescence,Abaxial_Leaf_Pubescence,Leaf_Shape
Pop1_Ind1,reflexum,199,0.89,0.9,0.71,0.67,1.00,Abrupt,171,0.84,0.93,0.72,0.71,1.00,Abrupt,180,0.92,0.95,0.64,0.61,1.00,Abrupt,Reflexed,Prominent,Entire,At Tube,Zero,Fluted,1.29,1.13,1.47,0.41,0.65,0.37,0.29,5,7.78,Margins,Entire,Reniform
Pop1_Ind2,reflexum,237,1.06,0.89,0.55,0.71,1.00,Abrupt,223,1.04,0.97,0.64,0.69,1.00,Abrupt,218,1.02,0.91,0.62,0.69,1.00,Abrupt,Reflexed,Prominent,Entire,At Tube,Zero,Fluted,1.11,1.61,1.25,0.41,0.53,0.34,0.27,6.03,7.71,Margins,Entire,Reniform-chordate
Pop1_Ind3,reflexum,215,0.75,0.79,0.6,0.58,1.00,Abrupt,225,0.79,0.76,0.56,0.61,1.00,Abrupt,207,0.84,0.71,0.61,0.45,1.00,Abrupt,Reflexed,Prominent,Entire,At Tube,Zero,Fluted,1.04,1.62,0.98,0.29,0.34,0.27,0.24,4.57,5.77,Even,Entire,Renifrom-chordate
Pop2_Ind1,reflexum,220,1.37,0.99,0.63,0.9,0.99,Abrupt,223,1.32,0.91,0.59,0.84,1.00,Abrupt,246,1.39,0.91,0.57,0.91,0.97,Abrupt,Reflexed,Prominent,Entire,At Tube,Three,Flat,1.86,2.67,1.57,0.61,0.55,0.47,0.27,7.14,8.65,Even,Entire,Chordate
Pop3_Ind1,canadense,160,1.3,1.08,0.38,0.49,0.32,Tapering,177,1.28,1.08,0.39,0.54,0.91,Tapering,184,1.34,1.11,0.43,0.52,0.90,Tapering,Flat,Prominent,Entire,One-Third,Three,Fluted,2.15,1.94,1.77,0.66,0.75,0.48,0.34,11.27,11.43,Even,Entire,Chordate
Pop3_Ind2,canadense,215,1.06,0.98,0.51,0.69,0.99,Intermediate,162,1.08,0.99,0.35,0.51,0.72,Intermediate,179,1.09,1.03,0.39,0.58,0.92,Intermediate,Flat,Prominent,Entire,At Tube,Three,Fluted,1.25,1.33,1.18,0.49,0.47,0.38,0.22,6.67,7.7,Even,Entire,Chordate
Pop3_Ind3,canadense,194,1.47,1.06,0.21,0.84,0.90,Tapering,166,1.45,1.15,0.28,0.66,0.29,Tapering,204,1.45,1.1,0.3,0.82,0.58,Tapering,Flat,Prominent,Entire,At Tube,Three,Fluted,2.17,1.07,1.71,0.64,0.6,0.54,0.36,8.23,9.51,Even,Entire,Chordate
Pop4_Ind1,canadense,183,1.02,1.01,0.58,0.61,0.65,Intermediate,163,0.92,0.99,0.62,0.51,0.77,Intermediate,201,0.91,0.66,0.44,0.6,0.98,Intermediate,Slight Incurve,Prominent,Entire,At Tube,Three,Flat,2.36,3.41,2.04,0.55,0.61,0.55,0.39,8.01,9.76,Even,Entire,Reniform-chordate
Pop4_Ind2,reflexum,213,0.99,1.01,0.63,0.82,0.93,Abrupt,224,1.12,1.01,0.48,0.59,0.79,Intermediate,225,1.08,1.02,0.69,0.94,1.00,Abrupt,Reflexed,Prominent,Entire,At Tube,Three,Fluted,2.38,2.27,1.63,0.52,0.62,0.5,0.38,6.43,9.21,Even,Entire,Chordate
Pop4_Ind3,canadense,180,0.94,1.04,0.43,0.51,0.98,Intermediate,178,1.01,1.06,0.59,0.67,0.90,Intermediate,148,0.99,1.08,0.7,0.71,0.70,Intermediate,Slight Incurve,Sparse,To Lobes,One-Third,Three,Fluted,2.65,2.54,1.81,0.66,0.57,0.45,0.35,6.03,7.94,Even,Entire,Chordate
Pop5_Ind1,reflexum,153,1.05,0.97,0.69,0.72,1.00,Abrupt,226,0.91,0.89,0.63,0.62,1.00,Abrupt,225,1.05,0.92,0.68,0.67,1.00,Abrupt,Reflexed,Sparse,Entire,At Tube,Zero,Flat,1.75,2.31,1.61,0.48,0.61,0.51,0.3,10.87,13.02,Even,Entire,Reniform
Pop5_Ind2,reflexum,190,0.94,0.85,0.63,0.7,1.00,Abrupt,220,0.94,0.82,0.55,0.71,1.00,Abrupt,211,0.97,0.81,0.61,0.78,1.00,Abrupt,Reflexed,Sparse,To Lobes,At Tube,Zero,Fluted,1.4,3.37,1.22,0.41,0.47,0.33,0.19,7.86,9.76,Even,Entire,Chordate
Pop5_Ind3,reflexum,244,0.95,0.88,0.59,0.71,1.00,Abrupt,258,0.98,0.88,0.64,0.78,1.00,Abrupt,233,0.96,0.79,0.55,0.79,1.00,Abrupt,Reflexed,Prominent,To Lobes,At Tube,One,Flat,1.62,3.51,1.19,0.46,0.4,0.34,0.29,7.14,10.64,Even,Entire,Chordate
Pop6_Ind1,acuminatum,137,1.52,0.71,0.31,0.74,0.94,Tapering,118,1.5,0.75,0.22,0.79,0.63,Tapering,230,1.28,0.72,0.31,0.8,1.00,Tapering,Incurved,Prominent,Entire,At Tube,Zero,Fluted,1.44,2.75,1.38,0.43,0.43,0.35,0.32,7.78,9.29,Even,Entire,Chordate
Pop6_Ind2,acuminatum,190,2.06,0.93,0.17,1.22,0.00,Tapering,189,2.1,0.89,0.12,1.08,0.00,Tapering,196,2.14,0.88,0.22,1.3,0.15,Tapering,Flat,Prominent,To Lobes,At Tube,Three,Flat,2.05,3.63,1.47,0.42,0.53,0.46,0.3,9.26,11.11,Even,Entire,
Pop6_Ind3,acuminatum,110,2.55,0.96,0.2,1.3,0.00,Tapering,90,2.45,0.91,0.2,1.31,0.42,Tapering,117,2.51,0.91,0.19,1.39,0.20,Tapering,Incurved,Tapering,To Tube,At Tube,Three,Fluted,1.95,2.96,1.72,0.64,0.59,0.48,0.3,8.57,9.53,Even,Entire,Reniform-Chordate
Pop6_Ind4,acuminatum,166,1.34,0.72,0.3,0.83,1.00,Tapering,237,1.28,0.58,0.28,0.9,1.00,Tapering,137,1.4,0.69,0.29,0.77,1.00,Tapering,Intermediate,Tapering,To Tube,At Tube,Zero,Flat,1.46,2.48,1.41,0.36,0.49,0.38,0.28,6.35,10.4,Even,Entire,Reniform
Pop7_Ind1,reflexum,222,1.15,0.93,0.7,0.62,1.00,Abrupt,236,1.09,0.85,0.79,0.84,1.00,Abrupt,230,1.13,0.92,0.86,0.88,1.00,Abrupt,Reflexed,Tapering,To Tube,At Tube,Two,Flat,2.12,2.17,1.52,0.51,0.53,0.4,0.29,10,11.75,Even,Entire,Reniform-Chordate
Pop7_Ind2,reflexum,232,0.86,0.91,0.77,0.72,1.00,Abrupt,253,1.08,1.02,0.7,0.81,1.00,Abrupt,231,1.05,0.92,0.71,0.8,1.00,Abrupt,Reflexed,Tapering,To Tube,At Tube,Zero,Flat,2.17,2.98,1.47,0.55,0.41,0.38,0.27,6.91,9.6,Even,Entire,Reniform
Pop8_Ind1,reflexum,223,0.89,0.81,0.72,0.73,1.00,Abrupt,180,1.03,0.91,0.71,0.78,1.00,Abrupt,221,0.95,0.9,0.72,0.79,1.00,Abrupt,Reflexed,Prominent,Entire,At Tube,Zero,Flat,1.68,2.51,1.46,0.47,0.38,0.37,0.29,7.46,8.57,Even,Entire,Chordate
Pop8_Ind2,reflexum,205,0.9,0.79,0.71,0.68,1.00,Abrupt,228,0.91,0.83,0.66,0.69,1.00,Abrupt,230,0.95,0.86,0.65,0.7,1.00,Abrupt,Reflexed,Prominent,Entire,At Tube,Zero,Fluted,1.7,1.95,1.44,0.44,0.47,0.34,0.26,7.14,9.05,Even,Entire,Chordate
Pop8_Ind3,reflexum,227,1,0.85,0.73,0.72,1.00,Abrupt,215,1.12,0.92,0.7,0.72,1.00,Abrupt,226,1.07,0.91,0.61,0.68,1.00,Abrupt,Reflexed,Prominent,Entire,At Tube,Two,Flat,2.7,1.51,1.5,0.44,0.5,0.41,0.27,7.94,9.37,Even,Entire,Chordate
Pop9_Ind1,reflexum,240,0.92,0.62,0.49,0.52,1.00,Abrupt,249,1.01,0.76,0.42,0.53,1.00,Abrupt,267,1.08,0.72,0.48,0.7,1.00,Abrupt,Reflexed,Prominent,Entire,At Tube,Zero,Fluted,1.63,1.62,1.34,0.45,0.39,0.41,0.23,7.38,8.73,Even,Entire,Reniform-Chordate
Pop9_Ind2,reflexum,233,0.9,0.89,0.65,0.51,1.00,Abrupt,234,1.03,0.95,0.5,0.61,0.61,Abrupt,243,1.23,0.9,0.42,0.74,0.84,Abrupt,Reflexed,Prominent,Entire,At Tube,One,,1.61,1.18,1.28,,0.38,0.27,0.21,9.68,12.14,Even,Entire,Reniform
Pop9_Ind3,reflexum,185,1.11,0.72,0.49,0.71,1.00,Abrupt,201,1.05,0.86,0.63,0.74,1.00,Abrupt,173,1.02,0.84,0.63,0.71,1.00,Abrupt,Reflexed,Prominent,Entire,At Tube,Zero,Fluted,1.87,1.57,1.41,0.37,0.44,0.42,0.24,6.51,7.7,Even,Entire,Reniform
Pop10_Ind1,reflexum,200,0.89,0.73,0.62,0.7,1.00,Abrupt,231,1,0.78,0.66,0.71,1.00,Abrupt,230,1.01,0.88,0.52,0.72,1.00,Abrupt,Reflexed,Sparse,To Tube,At Tube,Zero,Fluted,1.53,2.41,1.55,0.28,,,,5.39,7.95,Even,Entire,Reniform
Pop10_Ind2,reflexum,242,0.91,0.9,0.72,0.71,1.00,Abrupt,243,0.94,0.8,0.53,0.61,1.00,Abrupt,242,0.89,0.82,0.62,0.68,1.00,Abrupt,Reflexed,Prominent,Entire,At Tube,Zero,Fluted,1.46,1.82,1.42,0.41,0.4,0.38,0.19,3.94,5.65,Even,Entire,Reniform
Pop10_Ind3,reflexum,249,0.94,0.8,0.68,0.9,1.00,Abrupt,233,0.99,0.83,0.52,0.81,1.00,Abrupt,236,0.99,0.85,0.54,0.88,1.00,Abrupt,Reflexed,Sparse,Sparse,At Tube,Zero,Flat,1.8,1.88,1.49,0.42,0.55,0.42,0.22,5.1,6.43,Even,Entire,Reniform-Chordate
Pop11_Ind1,reflexum,232,0.9,0.92,0.61,0.72,1.00,Abrupt,230,0.95,0.96,0.67,0.8,1.00,Abrupt,217,0.85,0.94,0.68,0.75,1.00,Abrupt,Reflexed,Prominent,To Tube,At Tube,Zero,Fluted,1.94,1.87,1.74,0.41,0.52,0.43,0.28,12.55,15.95,Margins,Entire,Reniform
Pop11_Ind2,reflexum,243,0.85,0.83,0.43,0.65,1.00,Abrupt,229,0.81,0.82,0.53,0.58,1.00,Abrupt,236,0.83,0.79,0.49,0.59,1.00,Abrupt,Reflexed,Prominent,To Tube,At Tube,Zero,Fluted,1.83,2.44,1.37,0.41,0.52,0.36,0.25,8.34,10.2,Margins,Entire,Reniform-Chordate
Pop11_Ind3,reflexum,239,0.97,0.92,0.6,0.79,1.00,Abrupt,245,1.02,0.91,0.68,0.79,1.00,Abrupt,246,1.09,0.82,0.62,0.82,1.00,Abrupt,Reflexed,Prominent,To Tube,At Tube,Zero,Fluted,1.67,3.85,1.78,0.39,0.5,0.44,0.27,8.84,12.21,Margins,Entire,Reniform
Pop12_Ind1,reflexum,240,0.76,0.71,0.49,0.56,1.00,Abrupt,224,0.77,0.71,0.46,0.58,1.00,Abrupt,223,0.83,0.73,0.49,0.65,1.00,Abrupt,Reflexed,Prominent,Entire,At Tube,Zero,Flat,1.28,2.66,1.42,0.48,0.38,0.4,0.24,7.72,9.65,Even,Entire,Reniform
Pop12_Ind2,reflexum,214,0.82,0.71,0.53,0.68,1.00,Abrupt,235,0.87,0.75,0.5,0.65,1.00,Abrupt,219,0.8,0.74,0.5,0.67,1.00,Abrupt,Reflexed,Prominent,To Lobes,At Tube,Zero,Flat,1.53,1.9,1.24,0.4,0.41,0.39,0.23,5.78,9.19,Even,Entire,Chordate
Pop12_Ind3,reflexum,201,0.76,0.7,0.5,0.61,1.00,Abrupt,240,0.78,0.71,0.54,0.62,1.00,Abrupt,256,0.76,0.7,0.53,0.57,1.00,Abrupt,Reflexed,Prominent,To Lobes,At Tube,Zero,Fluted,1.59,3.11,1.43,0.4,0.42,0.36,0.2,6.95,9.95,Margins,Entire,Chordate
Pop13_Ind1,acuminatum,126,3.42,1.38,0.27,1.91,0.33,Tapering,83,3.47,1.1,0.2,1.97,0.26,Tapering,68,3.22,1.27,0.2,1.58,0.00,Tapering,Incurved,Prominent,To Lobes,At Tube,Three,Flat,1.68,2.79,2.19,0.75,0.68,0.55,0.3,11.31,12.31,Even,Veins,Chordate
Pop13_Ind2,acuminatum,90,3.52,1.35,0.2,1.8,0.09,Tapering,75,2.1,1.41,0.22,1.06,0.46,Tapering,176,2.12,1.39,0.28,1.11,0.28,Tapering,Incurved,Prominent,To Lobes,At Tube,Three,Flat,2.51,3.65,2.03,0.82,0.61,0.53,0.31,10.32,12.08,Even,Veins,Chordate
Pop13_Ind3,acuminatum,85,1.42,1.38,0.3,1.09,0.31,Tapering,87,4.1,1.33,0.25,2.17,0.00,Tapering,113,4.39,1.21,0.11,2.17,0.10,Tapering,Incurved,Tapering,To Lobes,At Tube,Three,Flat,2.85,3.08,2.52,0.81,0.63,0.72,0.4,14.49,16.66,Even,Veins,Chordate
Pop14_Ind1,canadense,143,1.06,0.82,0.39,0.73,0.65,Intermediate,152,1.01,0.81,0.33,0.63,1.00,Intermediate,177,1.04,0.81,0.27,0.7,0.58,Intermediate,Slight Incurve,Tapering,To Lobes,At Tube,Zero,Flat,1.93,2.6,1.63,0.47,0.49,0.4,0.28,9.6,12.37,Even,Veins,Reniform-Chordate
Pop14_Ind2,canadense,196,0.79,0.7,0.48,0.57,1.00,Intermediate,182,0.56,0.69,0.57,0.42,1.00,Intermediate,192,0.83,0.71,0.41,0.53,0.42,Intermediate,Flat,Tapering,To Lobes,At Tube,Zero,Fluted,1.76,3.91,1.41,0.42,0.39,0.3,0.24,7.96,10.63,Even,Veins,Chordate
Pop14_Ind3,canadense,164,0.9,0.72,0.38,0.62,0.47,Intermediate,169,0.96,0.74,0.34,0.67,0.35,Intermediate,183,1,0.72,0.37,0.66,0.39,Intermediate,Flat,Prominent,Sparse,At Tube,Zero,Fluted,1.58,4.01,1.43,0.41,0.42,0.35,0.25,9.39,11.87,Even,Veins,Chordate
Pop15_Ind1,canadense,143,0.73,0.79,0.53,0.54,0.37,Intermediate,151,0.81,0.81,0.39,0.59,0.30,Intermediate,155,0.77,0.83,0.31,0.58,0.44,Intermediate,Slight Incurve,Prominent,Sparse,At Tube,Two,Fluted,1.47,2.54,1.04,0.31,0.36,0.26,0.24,8.56,9.35,Even,Entire,Reniform-Chordate
Pop15_Ind2,canadense,189,0.6,0.73,0.39,0.44,0.72,Intermediate,187,0.63,0.71,0.37,0.51,0.55,Intermediate,221,0.6,0.72,0.41,0.48,0.80,Intermediate,Slight Reflex,Prominent,Sparse,At Tube,Three,Fluted,1.36,2.86,1.05,0.4,0.37,0.29,0.19,8.01,10.19,Even,Entire,Chordate
Pop15_Ind3,canadense,172,0.76,0.75,0.46,0.5,0.66,Intermediate,188,0.78,0.79,0.38,0.48,0.65,Intermediate,,,,,,,,Flat,Prominent,To Lobes,At Tube,Three,Fluted,1.75,2.3,1.46,0.39,0.42,0.32,0.23,9.23,12.57,Even,Entire,Chordate
Pop16_Ind1,canadense,173,0.86,0.81,0.37,0.62,0.58,Intermediate,181,0.9,0.83,0.35,0.61,0.54,Intermediate,192,0.93,0.8,0.37,0.58,0.76,Intermediate,Flat,Prominent,To Lobes,At Tube,Zero,Fluted,1.52,2.97,1.11,0.36,0.34,0.29,0.2,7.7,9.07,Even,Entire,Chordate
Pop16_Ind2,canadense,181,0.95,0.75,0.41,0.55,0.57,Intermediate,216,1.09,0.75,0.33,0.6,0.68,Intermediate,240,1.08,0.81,0.34,0.53,1.00,Intermediate,Slight Reflex,Prominent,To Lobes,At Tube,Two,Fluted,2.02,2.78,1.49,0.51,0.49,0.41,0.27,9.42,11.49,Even,Entire,Chordate
Pop16_Ind3,canadense,190,0.92,0.79,0.37,0.58,0.53,Intermediate,189,0.79,0.78,0.4,0.52,0.69,Intermediate,227,0.82,0.77,0.35,0.48,0.43,Intermediate,Slight Reflex,Prominent,To Lobes,At Tube,Zero,Fluted,1.96,3.88,1.52,0.48,0.46,0.42,0.28,10.18,11.81,Even,Veins,Chordate
Pop17_Ind1,canadense,207,0.6,0.74,0.35,0.38,0.71,Intermediate,220,0.75,0.73,0.3,0.5,0.52,Intermediate,179,0.8,0.69,0.26,0.39,0.60,Intermediate,Slight Reflex,Prominent,Sparse,At Tube,Three,Flat,1.65,2.66,1.1,0.49,0.37,0.35,0.23,7.6,8.77,Even,Veins,Chordate
Pop17_Ind2,canadense,181,1.02,0.8,0.29,0.52,0.48,Intermediate,175,0.95,0.77,0.37,0.58,0.53,Intermediate,277,1.01,0.79,0.38,0.69,0.78,Intermediate,Intermediate,Prominent,Sparse,At Tube,Zero,Fluted,1.63,4.07,1.19,0.41,0.34,0.38,0.27,8.13,9.78,Even,Veins,Chordate
Pop17_Ind3,canadense,165,0.92,0.7,0.32,0.61,0.31,Intermediate,155,0.88,0.79,0.38,0.54,0.69,Intermediate,218,0.87,0.73,0.3,0.54,0.34,Intermediate,Intermediate,Prominent,To Lobes,At Tube,One,Fluted,1.42,2.94,1.16,0.49,0.35,0.26,0.25,8.36,10.31,Even,Veins,Chordate
Pop18_Ind1,canadense,195,0.66,0.6,0.49,0.43,1.00,Intermediate,243,0.63,0.61,0.51,0.39,1.00,Intermediate,216,0.65,0.6,0.53,0.42,1.00,Intermediate,Reflexed,Prominent,Sparse,At Tube,Two,Fluted,1.62,2.13,1.21,0.37,0.34,0.36,0.22,8.02,9.85,Even,Entire,Chordate
Pop18_Ind2,canadense,197,1.04,0.77,0.29,0.58,0.30,Intermediate,212,0.98,0.69,0.37,0.52,0.71,Intermediate,235,0.97,0.74,0.28,0.51,0.54,Intermediate,Reflexed,Prominent,To Lobes,At Tube,Three,Fluted,1.64,1.62,1.26,0.41,0.33,0.32,0.24,9.87,10.61,Even,Veins,Chordate
Pop18_Ind3,canadense,176,1.02,0.78,0.2,0.6,0.82,Intermediate,183,0.99,0.7,0.18,0.56,0.53,Intermediate,194,1.01,0.75,0.25,0.6,0.54,Intermediate,Flat,Prominent,To Lobes,At Tube,Two,Fluted,1.84,2.49,1.34,0.42,0.39,0.31,0.26,7.74,9.65,Even,Veins,Chordate
Pop19_Ind1,canadense,182,0.98,0.85,0.39,0.65,0.35,Intermediate,212,0.69,0.79,0.36,0.52,0.62,Intermediate,179,0.99,78,0.27,0.59,0.37,Intermediate,Flat,Prominent,To Lobes,At Tube,Two,Fluted,1.8,2.51,1.19,0.45,0.33,0.31,0.24,9.49,11.61,Even,Entire,Chordate
Pop19_Ind2,canadense,240,1.08,0.83,0.23,0.68,0.52,Intermediate,208,1.02,0.84,0.34,0.68,0.82,Intermediate,181,1.17,0.81,0.26,0.71,0.56,Intermediate,Reflexed,Prominent,To Lobes,At Tube,Zero,Fluted,1.56,2.4,1.27,0.39,0.35,0.34,0.28,10.26,11.82,Even,Entire,
Pop19_Ind3,canadense,252,1.34,0.64,0.12,0.62,0.67,Tapering,230,0.8,0.78,0.44,0.58,0.77,Intermediate,219,1.26,0.9,0.25,0.7,0.34,Tapering,Reflexed,Prominent,To Lobes,At Tube,One,Fluted,1.43,2.97,1.38,0.45,0.37,0.32,0.24,9.94,11.39,Even,Veins,Chordate
Pop20_Ind1,canadense,209,0.72,0.81,0.49,0.52,0.52,Intermediate,238,0.95,0.8,0.51,0.55,0.33,Intermediate,204,1,0.82,0.48,0.61,0.64,Intermediate,Reflexed,Prominent,To Lobes,At Tube,Zero,Fluted,1.77,3.2,1.51,,0.47,0.36,0.3,8.39,10.55,Even,Entire,
Pop20_Ind2,canadense,184,0.79,0.79,0.29,0.49,0.75,Intermediate,146,0.71,0.76,0.38,0.52,1.00,Intermediate,168,0.69,0.73,0.29,0.52,1.00,Intermediate,Slight Incurve,Prominent,To Lobes,At Tube,Three,Fluted,1.7,2.71,1.48,0.4,0.5,0.42,0.25,8.53,10.78,Even,Veins,Chordate
Pop20_Ind3,canadense,230,1.08,0.85,0.34,0.54,0.44,Intermediate,187,0.96,0.88,0.29,0.6,0.24,Intermediate,185,1,0.83,0.27,0.58,0.55,Intermediate,Slight Reflex,Prominent,To Lobes,At Tube,Zero,Fluted,1.67,4.03,1.54,0.42,0.49,0.41,0.32,9.53,13.17,Even,Entire,Chordate
Pop21_Ind1,acuminatum,254,2.01,1.02,0.16,1.04,0.48,Tapering,240,1.8,1.05,0.19,1.04,0.56,Tapering,246,1.95,1.02,0.22,1.07,0.10,Tapering,Reflexed,Prominent,Sparse,At Tube,Two,Fluted,2.3,2.76,1.97,0.58,0.5,0.42,0.29,12.25,13.65,Even,Veins,
Pop21_Ind2,acuminatum,243,1.45,1.01,0.21,0.92,0.44,Tapering,,,,,,,,234,1.62,0.98,0.28,0.94,0.40,Tapering,Reflexed,Prominent,To Tube,At Tube,Three,Fluted,1.84,2.71,1.55,0.59,0.59,0.46,0.27,11.23,11.91,Even,Veins,Chordate
Pop21_Ind3,acuminatum,325,2.16,0.82,0.18,1.06,0.68,Tapering,250,1.97,0.79,0.14,1.02,0.15,Tapering,295,2,0.86,0.12,1.12,0.04,Tapering,Reflexed,Prominent,To Lobes,At Tube,Three,Fluted,1.7,5.42,1.33,0.52,0.48,0.43,0.29,10.47,12.56,Even,Entire,Chordate
Pop22_Ind1,canadense,183,0.57,0.8,0.39,0.4,0.13,Intermediate,203,0.62,0.82,0.41,0.43,0.41,Intermediate,173,0.63,0.83,0.47,0.41,0.42,Intermediate,Flat,Prominent,To Lobes,At Tube,Two,Fluted,1.86,3.12,1.42,0.41,0.47,0.39,0.28,9.39,10.48,Even,Entire,Chordate
Pop22_Ind2,canadense,201,0.99,0.82,0.24,0.52,0.50,Intermediate,169,1.3,0.82,0.31,0.72,0.07,Intermediate,174,1.12,0.71,0.36,0.71,0.24,Intermediate,Flat,Prominent,To Lobes,At Tube,Two,Flat,1.91,3.61,1.54,0.51,0.41,0.48,0.33,10.75,12.94,Even,Entire,Chordate
Pop22_Ind3,canadense,248,0.93,0.82,0.3,0.51,0.84,Intermediate,220,0.89,0.86,0.29,0.51,0.57,Intermediate,192,0.85,0.82,0.33,0.53,0.51,Intermediate,Intermediate,Prominent,Sparse,At Tube,Three,Fluted,1.76,3.22,1.48,0.49,0.42,0.31,0.3,9.1,10.59,Even,Veins,Chordate
Pop23_Ind1,canadense,179,0.71,0.89,0.61,0.5,0.44,Intermediate,175,1.02,0.89,0.42,0.66,0.24,Intermediate,142,1.1,0.92,0.34,0.64,0.59,Intermediate,Intermediate,Prominent,To Lobes,At Tube,Three,Fluted,1.74,2.6,1.51,0.36,0.47,0.38,0.28,10.77,12.01,Even,Entire,Chordate
Pop23_Ind2,canadense,174,0.72,0.82,0.56,0.48,0.77,Intermediate,247,0.77,0.83,0.5,0.51,0.91,Intermediate,210,0.78,0.84,0.39,0.5,0.78,Intermediate,Reflexed,Prominent,Sparse,At Tube,Zero,Fluted,1.75,1.93,1.42,0.37,0.45,0.33,0.27,10.43,11.72,Even,Veins,Chordate
Pop23_Ind3,canadense,176,1.51,0.83,0.24,0.95,0.19,Tapering,196,1.5,0.94,0.3,0.72,0.48,Tapering,171,1.37,1.1,0.34,0.77,0.44,Tapering,Flat,Prominent,To Lobes,At Tube,Zero,Fluted,1.73,2.36,1.66,0.44,0.49,0.39,0.35,11.58,13.08,Even,Veins,Chordate
Pop24_Ind1,acuminatum,140,3.45,1.43,0.28,1.59,0.59,Tapering,145,4.1,1.42,0.21,2.21,0.00,Tapering,62,4.03,1.55,0.22,2.46,0.73,Tapering,Incurved,Prominent,To Lobes,At Tube,Three,Fluted,2.48,4.23,2.21,0.78,0.79,0.58,0.44,14.41,16.9,Even,Veins,Chordate
Pop24_Ind2,acuminatum,96,4.17,1.38,0.21,2.29,0.64,Tapering,89,4.12,1.35,0.18,2.43,0.00,Tapering,73,4.3,1.35,0.19,2.21,0.00,Tapering,Incurved,Prominent,To Lobes,At Tube,Three,Fluted,2.14,3.19,1.74,0.81,0.58,0.55,0.34,10.25,15.03,Even,Entire,Chordate
Pop24_Ind3,acuminatum,,,,,,,,99,3.5,1.52,0.22,2.76,0.00,Tapering,93,3.93,1.34,0.27,2.61,0.00,Tapering,Incurved,Tapering,To Lobes,At Tube,Zero,Fluted,2.77,3.77,2.52,,0.63,0.58,0.35,15.57,18.6,Even,Entire,Chordate
Pop25_Ind1,acuminatum,87,4.02,1.26,0.19,2.4,0.00,Tapering,83,3.69,1.33,0.3,1.5,0.00,Tapering,73,4,1.19,0.21,2.41,0.26,Tapering,Incurved,Tapering,To Lobes,At Tube,Three,Fluted,1.49,2.88,1.81,0.93,0.59,0.54,0.33,8.85,10.87,Even,Veins,Chordate
Pop25_Ind2,acuminatum,36,3.94,1.33,0.2,2.39,0.00,Tapering,50,4.21,1.38,0.23,2.49,0.00,Tapering,125,4.15,1.3,0.23,2.29,0.00,Tapering,Incurved,Tapering,To Tube,At Tube,Three,Fluted,1.77,3.27,1.89,0.82,0.61,0.57,0.42,10.24,12.59,Even,Veins,Chordate
Pop25_Ind3,acuminatum,68,4.15,1.28,0.16,2.23,0.10,Tapering,61,4.4,1.4,0.14,2.37,0.00,Tapering,108,4.46,1.34,0.21,2.21,0.00,Tapering,Incurved,Tapering,To Lobes,One-Third,Three,Fluted,1.53,4.3,1.92,0.81,0.56,0.52,0.36,9.36,11.31,Even,Entire,Chordate
Pop25_Ind4,acuminatum,144,4.01,1.34,0.18,1.58,0.39,Tapering,80,4.01,1.38,0.18,2.4,0.00,Tapering,92,3.7,1.31,0.23,2.45,0.00,Tapering,Incurved,Tapering,To Lobes,One-Third,One,Fluted,1.56,2.98,1.81,0.86,0.54,0.53,0.3,11.43,13.71,Even,Veins,Chordate
Pop26_Ind1,acuminatum,69,3.7,1.31,0.27,1.69,0.00,Tapering,75,3.65,1.32,0.24,1.68,0.00,Tapering,67,3.8,1.47,0.24,1.67,0.00,Tapering,Incurved,Tapering,To Lobes,One-Third,Three,Fluted,2.07,3.66,2.19,0.93,0.6,0.68,0.47,11.57,13.34,Even,Veins,Chordate
Pop26_Ind2,acuminatum,82,3.91,1.36,0.11,1.88,0.00,Tapering,91,3.98,1.43,0.13,1.96,0.00,Tapering,112,4.09,1.34,0.17,2.03,0.00,Tapering,Incurved,Tapering,To Lobes,One-Third,Two,Fluted,1.92,2.21,1.83,0.77,0.62,0.56,0.42,9.96,12.19,Even,Veins,Chordate
Pop26_Ind3,acuminatum,146,4.24,1.45,0.15,2.17,0.00,Tapering,45,4.35,1.42,0.17,2.32,0.00,Tapering,120,4.3,1.43,0.18,2.21,0.10,Tapering,Incurved,Tapering,To Lobes,At Tube,Two,Fluted,2.28,2.52,2.12,0.84,0.64,0.61,0.38,9.59,12.56,Even,Veins,Chordate
Pop27_Ind1,acuminatum,153,3.9,1.39,0.14,2.03,0.43,Tapering,107,3.87,1.35,0.18,2.28,0.19,Tapering,127,3.94,1.45,0.17,2.32,0.53,Tapering,Incurved,Tapering,To Lobes,At Tube,Three,Fluted,2.07,2.37,2.23,0.85,0.56,0.54,0.35,11.88,14.1,Even,Veins,Chordate
Pop27_Ind2,acuminatum,164,2.83,1.21,0.19,1.84,0.35,Tapering,87,2.65,1.23,0.23,1.79,0.00,Tapering,133,2.77,1.18,0.2,1.88,0.15,Tapering,Incurved,Tapering,To Lobes,At Tube,Three,Fluted,1.52,2.88,1.83,0.58,0.53,0.58,0.34,10.18,12.22,Even,Veins,Chordate
Pop27_Ind3,acuminatum,125,4.09,1.3,0.13,2.27,0.10,Tapering,55,3.86,1.21,0.22,2.3,0.00,Tapering,73,4.07,1.29,0.17,2.38,0.40,Tapering,Incurved,Tapering,To Lobes,At Tube,Three,Fluted,2.31,1.7,2.24,0.79,0.7,0.69,0.31,11.26,13.49,Even,Veins,Chordate
Pop28_Ind1,canadense,154,1.31,1.07,0.28,0.72,0.43,Intermediate,167,1.26,1.14,0.25,0.88,0.43,Intermediate,172,1.39,1.11,0.2,0.82,0.57,Intermediate,Slight Incurve,Tapering,To Lobes,At Tube,Two,Fluted,1.68,3.68,1.97,0.52,0.52,0.45,0.32,14.51,16.04,Margins,Veins,Chordate
Pop28_Ind2,canadense,184,1.92,1.05,0.25,1.18,0.61,Intermediate,182,1.86,1.18,0.3,1.09,0.82,Intermediate,191,1.99,1.08,0.29,1.04,0.36,Intermediate,Flat,Tapering,To Tube,At Tube,Three,Fluted,1.95,3.1,1.85,0.6,0.53,0.48,0.3,12.08,14.55,Even,Entire,Chordate
Pop28_Ind3,canadense,143,1.82,1.14,0.23,0.91,0.24,Intermediate,172,1.75,1.21,0.27,0.92,0.20,Intermediate,168,1.84,1.16,0.27,1,0.20,Intermediate,Flat,Prominent,To Lobes,One-Third,Three,Fluted,2.66,1.9,2.2,0.69,0.6,0.55,0.38,12.79,14.23,Even,Entire,Chordate
Pop29_Ind1,canadense,195,1.61,1.03,0.21,0.81,0.06,Intermediate,166,1.6,1.08,0.4,0.93,0.35,Intermediate,201,1.76,1.09,0.26,0.91,0.64,Intermediate,Intermediate,Prominent,To Tube,One-Third,Three,Fluted,1.79,3.09,2.3,0.63,0.53,0.71,0.38,13.45,15.47,Even,Entire,Chordate
Pop29_Ind2,canadense,142,1.4,0.92,0.2,0.75,0.00,Intermediate,136,1.38,1.02,0.19,0.79,0.00,Intermediate,170,1.25,0.92,0.23,0.8,0.00,Intermediate,Slight Incurve,Prominent,To Tube,One-Third,Three,Fluted,1.72,3.31,1.89,0.43,0.54,0.7,0.34,13.36,14,Even,Entire,Reniform-Chordate
Pop29_Ind3,canadense,172,1.45,1.12,0.26,0.83,0.25,Intermediate,186,1.36,1.08,0.31,0.93,0.16,Intermediate,206,1.35,1.01,0.42,0.82,0.94,Intermediate,Flat,Prominent,To Lobes,One-Third,Three,Fluted,2.48,2.74,2.02,0.42,0.55,0.71,0.34,14.25,15.66,Even,Entire,Reniform-Chordate
Pop30_Ind1,reflexum,192,1.46,1.03,0.56,1.05,1.00,Abrupt,222,1.42,1.03,0.58,1.06,1.00,Abrupt,240,1.52,1.07,0.64,0.98,1.00,Abrupt,Reflexed,Prominent,To Lobes,Halfway,Two,Fluted,1.59,2.89,1.68,0.45,0.42,0.36,0.27,10.1,11.33,Margins,Entire,Reniform-Chordate
Pop30_Ind2,reflexum,263,1.34,1.03,0.69,0.92,1.00,Abrupt,255,1.81,1.01,0.57,1.05,1.00,Abrupt,258,1.79,1.03,0.67,1.02,1.00,Abrupt,Reflexed,Prominent,To Lobes,One-Third,Zero,Fluted,1.8,3.38,1.69,0.53,0.38,0.41,0.35,12.73,17.11,Margins,Entire,Reniform-Chordate
Pop30_Ind3,reflexum,258,1.57,0.93,0.62,0.96,1.00,Abrupt,267,1.58,0.84,0.49,0.98,1.00,Abrupt,277,1.53,1,0.61,0.99,1.00,Abrupt,Reflexed,Prominent,To Tube,At Tube,Zero,Fluted,1.31,2.18,1.31,0.39,0.39,0.45,0.34,6.9,8.89,Even,Entire,
Pop31_Ind1,reflexum,256,1.12,0.84,0.6,0.72,1.00,Abrupt,234,1.2,0.81,0.71,0.81,1.00,Abrupt,245,1.16,0.91,0.6,0.78,1.00,Abrupt,Reflexed,Prominent,To Tube,At Tube,Zero,Fluted,1.82,1.78,1.68,0.45,0.48,0.34,0.28,9.54,11.79,Margins,Entire,Chordate
Pop31_Ind2,reflexum,215,1.18,0.95,0.77,1.16,1.00,Abrupt,161,1.4,0.91,0.57,1.18,1.00,Abrupt,213,1.24,0.94,0.71,1.18,1.00,Abrupt,Intermediate,Prominent,To Tube,At Tube,Zero,Fluted,2.52,3.28,1.95,0.53,0.61,0.5,0.36,12.03,12.83,Margins,Entire,Chordate
Pop31_Ind3,reflexum,219,1.33,0.9,0.59,0.83,0.90,Abrupt,227,1.44,0.96,0.68,0.88,1.00,Abrupt,240,1.46,1.01,0.54,0.9,1.00,Abrupt,Reflexed,Prominent,To Tube,At Tube,Zero,Fluted,2.63,2.6,2.02,0.54,0.63,0.56,0.38,11.67,13.58,Margins,Entire,Reniform-Chordate
Pop31_Ind4,reflexum,172,1.31,0.89,0.63,0.75,1.00,Abrupt,229,1.36,1.01,0.67,0.82,1.00,Abrupt,254,1.44,1.02,0.65,0.87,1.01,Abrupt,Intermediate,Sparse,To Tube,At Tube,Zero,Fluted,2.16,2.86,1.99,0.43,0.58,0.51,0.37,11.16,12.68,Margins,Entire,Chordate
Pop32_Ind1,canadense,,,,,,,,259,1.04,0.84,0.4,0.72,0.89,Intermediate,193,1.09,0.88,0.28,0.62,0.37,Intermediate,Intermediate,Prominent,To Tube,At Tube,One,Fluted,1.49,1.18,1.57,0.51,0.49,0.36,0.21,7.69,9.09,Even,Entire,Chordate
Pop32_Ind2,canadense,202,1.19,0.88,0.36,0.74,0.65,Intermediate,169,1.31,0.88,0.32,0.85,0.07,Intermediate,146,1.32,0.96,0.27,0.79,0.96,Intermediate,Intermediate,Prominent,To Tube,At Tube,Two,Fluted,2.12,2.44,2,0.51,0.45,0.41,0.3,10.5,12.76,Even,Entire,Reniform-Chordate
Pop32_Ind3,canadense,135,1.22,0.87,0.39,0.87,0.66,Intermediate,152,1.27,0.9,0.29,0.68,0.16,Intermediate,229,1.25,0.83,0.47,0.8,0.98,Intermediate,Intermediate,Prominent,To Tube,One-Third,Zero,Fluted,1.69,2.73,1.6,0.63,0.39,0.48,0.27,9.37,10.86,Even,Entire,Reniform-Chordate
Pop33_Ind1,reflexum,139,1.18,1.01,0.79,0.73,1.00,Abrupt,90,1.2,0.91,0.68,0.82,1.00,Abrupt,110,1.16,0.92,0.58,0.87,1.00,Abrupt,Closed,Sparse,To Tube,One-Third,Three,Fluted,1.87,2.18,1.7,0.5,0.54,0.4,0.29,8.26,10.67,Even,Entire,Reniform
Pop34_Ind1,reflexum,,,,,,,,258,1.53,0.9,0.59,0.89,1.00,Abrupt,239,1.36,0.88,0.65,0.8,1.00,Abrupt,Reflexed,Prominent,To Tube,At Tube,Zero,Fluted,1.81,1.57,1.48,0.29,0.35,0.37,0.3,5.55,7.85,Even,Entire,Reniform-Chordate
Pop34_Ind2,reflexum,215,1.28,0.95,0.58,0.79,1.00,Abrupt,225,1.27,0.92,0.58,0.9,1.00,Abrupt,246,1.31,0.91,0.63,0.87,1.00,Abrupt,Reflexed,,,,Two,Fluted,1.76,1.89,1.61,0.44,0.47,0.45,0.32,7.48,8.7,Even,Entire,Reniform-Chordate
Pop34_Ind3,reflexum,264,1.45,0.95,0.57,0.92,1.00,Abrupt,273,1.73,1.03,0.69,0.94,1.00,Abrupt,271,1.54,0.97,0.66,0.95,1.00,Abrupt,Reflexed,Prominent,Entire,At Tube,Zero,Fluted,1.91,2.18,1.44,0.53,0.45,0.47,0.33,7.8,9.78,Even,Entire,Reniform
Pop35_Ind1,canadense,179,0.94,0.72,0.34,0.55,0.47,Intermediate,,,,,,,,171,0.95,0.73,0.36,0.58,0.19,Intermediate,Flat,Prominent,Entire,At Tube,Zero,Fluted,1.51,2.89,1.7,,0.5,0.46,0.33,12.32,14.11,Even,Entire,Reniform-Chordate
Pop35_Ind2,canadense,191,0.75,0.84,0.59,0.48,0.75,Intermediate,189,0.72,0.88,0.57,0.53,0.88,Intermediate,204,0.82,0.75,0.44,0.51,0.92,Intermediate,Flat,Prominent,Entire,At Tube,Three,Fluted,1.37,1.66,1.49,0.31,0.36,0.4,0.27,5.8,9.44,Even,Entire,Reniform
Pop35_Ind3,canadense,166,1.04,0.81,0.34,0.68,0.55,Intermediate,158,1.02,0.81,0.49,0.63,0.91,Intermediate,170,1.06,0.83,0.38,0.68,0.68,Intermediate,Slight Incurve,Prominent,To Tube,At Tube,One,Fluted,1.25,1.57,1.48,,0.42,0.45,0.29,9.08,11.43,Even,Entire,Reniform-Chordate
Pop36_Ind1,reflexum,119,1.03,0.92,0.73,0.69,1.00,Abrupt,149,1.09,0.98,0.7,0.75,1.00,Abrupt,197,1.05,0.89,0.57,0.73,1.00,Abrupt,Slight Incurve,Prominent,To Tube,Halfway,Zero,Fluted,2.24,1.88,1.73,0.41,0.48,0.41,0.3,5.58,7.87,Margins,Entire,Reniform
Pop36_Ind2,reflexum,176,1.22,0.97,0.64,0.83,1.00,Abrupt,197,1.25,0.83,0.58,0.68,1.00,Abrupt,212,1.17,0.88,0.62,0.85,1.00,Abrupt,Slight Reflex,Prominent,To Lobes,Halfway,Zero,Fluted,2.05,2.41,1.94,0.34,0.56,0.47,0.29,8.2,10.24,Margins,Entire,Reniform
Pop36_Ind3,reflexum,170,0.83,0.81,0.49,0.6,1.00,Abrupt,205,1.03,0.81,0.54,0.72,1.00,Abrupt,139,0.99,0.89,0.54,0.71,1.00,Abrupt,Intermediate,Prominent,Entire,At Tube,Zero,Fluted,1.81,1.87,1.68,0.41,0.48,0.46,0.27,6.14,7.91,Margins,Entire,Reniform
Pop36_Ind4,reflexum,227,0.9,0.85,0.64,0.7,1.00,Abrupt,203,0.92,0.91,0.64,0.71,1.00,Abrupt,224,0.95,0.91,0.66,0.69,1.00,Abrupt,Reflexed,Prominent,Entire,At Tube,Zero,Fluted,1.47,1.68,1.67,0.42,0.39,0.41,0.27,6.76,8.06,Margins,Entire,Reniform-Chordate
Pop36_Ind5,reflexum,248,0.96,0.82,0.56,0.72,1.00,Abrupt,235,0.96,0.79,0.58,0.74,1.00,Abrupt,237,0.97,0.84,0.57,0.7,1.00,Abrupt,Reflexed,Prominent,Entire,At Tube,Zero,Fluted,1.56,1.82,1.45,0.35,0.42,0.42,0.25,7.32,9.58,Margins,Entire,Chordate
Pop36_Ind6,reflexum,252,0.96,0.87,0.54,0.65,1.00,Abrupt,244,0.97,0.83,0.54,0.7,1.00,Abrupt,251,1,0.82,0.58,0.66,1.00,Abrupt,Reflexed,Prominent,Entire,At Tube,Zero,Fluted,1.67,2.13,1.49,0.41,0.39,0.38,0.27,6.77,9.41,Margins,Entire,Chordate
Pop37_Ind1,canadense,137,1.09,0.96,0.45,0.63,0.58,Intermediate,143,1.06,0.96,0.38,0.74,0.40,Intermediate,193,0.92,0.88,0.61,0.67,0.93,Intermediate,Slight Incurve,Prominent,Entire,At Tube,One,Fluted,1.84,2.34,2.03,0.22,0.49,0.69,0.3,9.7,12.13,Even,Entire,Chordate
Pop37_Ind2,canadense,210,1.67,1.06,0.22,1.02,0.00,Tapering,195,1.69,0.97,0.25,1.04,0.44,Intermediate,246,1.7,1,0.33,1.16,0.92,Intermediate,Intermediate,Prominent,Entire,At Tube,Two,Fluted,,,2.3,0.39,0.52,0.55,0.27,14.84,17.69,Even,Entire,Chordate
Pop37_Ind3,canadense,240,1.27,0.94,0.56,0.71,1.00,Intermediate,220,1.28,1.07,0.48,0.74,0.89,Intermediate,204,1.3,1.12,0.4,0.73,1.00,Intermediate,Slight Reflex,Sparse,To Tube,At Tube,Zero,Fluted,2.44,2.31,2.24,0.65,0.49,0.72,0.43,10.8,12.67,Even,Entire,Chordate
Pop37_Ind4,canadense,212,1.41,1.11,0.28,1.02,0.30,Intermediate,218,1.52,1.08,0.28,0.94,0.32,Intermediate,209,1.64,1.09,0.19,1.02,0.27,Intermediate,Slight Reflex,Sparse,To Lobes,One-Third,Three,Fluted,2.68,2.25,2.23,0.72,0.57,0.65,0.41,11.93,13.72,Even,Entire,Reniform-Chordate
Pop38_Ind1,canadense,167,0.96,0.79,0.31,0.58,0.73,Intermediate,191,0.93,0.8,0.41,0.54,0.81,Intermediate,171,0.94,0.8,0.35,0.55,0.77,Intermediate,Flat,Prominent,To Tube,One-Third,Three,Fluted,1.3,1.89,1.71,0.22,0.36,0.42,0.23,5.32,6.67,Even,Entire,Chordate
Pop39_Ind1,reflexum,253,1.54,0.82,0.37,0.83,1.00,Intermediate,250,1.65,1,0.47,1.02,1.00,Intermediate,247,1.52,0.99,0.6,0.88,1.00,Intermediate,Reflexed,Prominent,To Tube,Entire,Three,Fluted,1.77,4.36,2.02,0.5,0.53,0.54,0.36,10.09,11.89,Even,Entire,Reniform-Chordate
Pop39_Ind2,reflexum,266,1.1,0.9,0.4,0.74,1.00,Abrupt,256,1.41,1.02,0.28,0.78,1.00,Abrupt,,,,,,,,Reflexed,Sparse,To Tube,One-Third,One,Fluted,1.54,4.98,2.85,0.63,0.48,0.43,0.27,10.61,12.56,Even,Entire,Reniform-Chordate
Pop39_Ind3,reflexum,241,1.27,0.89,0.58,0.82,1.00,Abrupt,261,1.23,0.85,0.56,0.84,1.00,Abrupt,263,1.41,0.88,0.49,1,1.00,Abrupt,Reflexed,Prominent,To Tube,At Tube,Zero,Fluted,1.51,2.1,1.53,0.5,0.47,0.45,0.29,6.33,7.94,Even,Entire,Reniform-Chordate
Pop40_Ind1,reflexum,267,1.49,0.9,0.59,0.93,1.00,Abrupt,251,1.43,0.93,0.49,0.87,1.00,Abrupt,264,1.43,0.82,0.53,0.95,1.00,Abrupt,Reflexed,Prominent,To Tube,At Tube,One,Fluted,1.72,4.67,1.66,0.52,0.38,0.37,0.27,8.36,10.67,Even,Entire,Chordate
Pop40_Ind2,reflexum,237,1.07,0.83,0.59,0.82,1.00,Abrupt,245,1.25,0.82,0.44,0.82,1.00,Abrupt,206,1.18,0.83,0.49,0.75,1.00,Abrupt,Reflexed,Prominent,Entire,At Tube,Zero,Fluted,1.6,3.09,1.78,0.51,0.45,0.43,0.25,9.1,10.39,Even,Entire,Chordate
Pop40_Ind3,reflexum,245,0.92,0.8,0.53,0.63,1.00,Abrupt,236,1.03,0.81,0.54,0.75,1.00,Abrupt,244,1.05,0.79,0.55,0.76,1.00,Abrupt,Reflexed,Prominent,Entire,At Tube,Zero,Fluted,1.26,2.98,1.61,0.31,0.47,0.43,0.24,8.34,10.11,Even,Entire,Chordate
Pop41_Ind1,reflexum,191,1.65,0.97,0.65,0.92,1.00,Abrupt,221,1.51,1.04,0.76,0.95,1.00,Abrupt,214,1.73,1.14,0.65,1.03,1.00,Abrupt,Reflexed,Prominent,Entire,At Tube,Zero,Fluted,2.48,2.64,2.48,0.52,0.69,0.71,0.42,11.57,14.72,Even,Entire,Reniform-Chordate
Pop41_Ind2,reflexum,207,1.62,1.05,0.58,0.93,1.00,Abrupt,269,1.64,1,0.49,0.89,1.00,Abrupt,229,1.68,1.09,0.54,0.95,1.00,Abrupt,Reflexed,Prominent,Entire,At Tube,One,Fluted,2.18,4.08,2.31,0.42,0.51,0.52,0.31,10.92,13.75,Even,Entire,Reniform-Chordate
Pop41_Ind3,reflexum,170,1.32,1.24,0.74,0.88,1.00,Abrupt,98,1.57,1.13,0.75,0.97,1.00,Abrupt,237,1.66,1.22,0.68,1.1,1.00,Abrupt,Intermediate,Prominent,Entire,At Tube,Zero,Fluted,2.92,2.67,2.21,0.49,0.61,0.59,0.28,11.06,14.09,Margins,Entire,Reniform-Chordate
Pop42_Ind1,reflexum,267,1.62,0.92,0.49,1.05,1.00,Abrupt,233,1.26,1.02,0.77,0.98,1.00,Abrupt,244,1.55,0.95,0.64,0.99,1.00,Abrupt,Reflexed,Prominent,To Tube,At Tube,One,Fluted,2.29,4.27,2.09,0.44,0.57,0.59,0.27,9.5,12.76,Even,Entire,Reniform-Chordate
Pop42_Ind2,reflexum,246,1.58,0.9,0.53,1.09,1.00,Abrupt,264,1.61,0.88,0.52,1,1.00,Abrupt,255,1.59,0.85,0.52,1.06,1.00,Abrupt,Reflexed,Prominent,Entire,At Tube,Zero,Fluted,1.58,3.51,1.72,0.42,0.46,0.48,0.21,8.04,10.69,Even,Entire,Reniform-Chordate
Pop42_Ind3,reflexum,243,1.46,0.91,0.49,0.92,1.00,Abrupt,207,1.47,0.92,0.57,0.89,1.00,Abrupt,,,,,,,,Reflexed,Prominent,To Tube,At Tube,Zero,Fluted,1.69,3.53,1.93,0.54,0.53,0.54,0.29,8.36,11.36,Even,Entire,Chordate
Pop43_Ind1,reflexum,258,1.39,0.9,0.5,0.87,1.00,Abrupt,243,1.15,0.92,0.58,0.8,1.00,Abrupt,269,1.21,0.92,0.59,0.76,1.00,Abrupt,Reflexed,Prominent,Entire,At Tube,Zero,Flat,1.82,2.49,1.82,0.43,0.55,0.48,0.29,9.37,11.11,Even,Entire,Reniform-Chordate
Pop43_Ind2,reflexum,245,1.37,0.91,0.55,1.01,1.00,Abrupt,254,1.45,0.96,0.54,0.98,1.00,Abrupt,247,1.38,0.91,0.65,0.93,1.00,Abrupt,Reflexed,Prominent,To Tube,At Tube,Zero,Flat,2.33,2.86,2.13,0.15,0.5,0.49,0.27,10.29,12.59,Even,Entire,Chordate
Pop43_Ind3,reflexum,264,1.33,1.07,0.72,0.82,1.00,Abrupt,,,,,,,,237,1.21,1.15,0.83,0.87,1.00,Abrupt,Reflexed,Prominent,Entire,At Tube,Two,Flat,2.59,3.2,2.37,0.29,0.64,0.56,0.3,11.15,13.21,Margins,Entire,Chordate
Pop44_Ind1,acuminatum,118,2.08,1.06,0.14,1.18,0.19,Tapering,133,2,0.99,0.17,1.12,0.09,Tapering,165,2.14,1.02,0.15,1.23,0.30,Tapering,Slight Incurve,Prominent,Entire,At Tube,Three,Fluted,1.93,4.2,2.06,0.57,0.49,0.48,0.29,11.15,13.06,Margins,Entire,Chordate
Pop44_Ind2,acuminatum,100,2.73,1.12,0.18,1.54,0.00,Tapering,115,2.74,1.1,0.2,1.39,0.00,Tapering,81,3.04,1.05,0.17,1.41,0.10,Tapering,Incurved,Prominent,Entire,At Tube,Three,Fluted,2.01,3.54,2.13,0.6,0.51,0.55,0.35,12.99,14.76,Margins,Entire,Chordate
Pop44_Ind3,acuminatum,141,2.3,1.03,0.19,1.17,0.00,Tapering,125,2.44,0.97,0.19,1.31,0.00,Tapering,100,2.29,1,0.24,1.24,0.10,Tapering,Incurved,Sparse,To Tube,One-Third,Three,Fluted,1.78,4.52,1.99,0.34,0.45,0.45,0.29,10.66,12.7,Margins,Entire,Chordate
Pop45_Ind1,reflexum,203,2.36,1.17,0.53,1.38,0.89,Intermediate,221,2.43,1.13,0.6,1.35,0.96,Intermediate,208,2.58,1.2,0.32,1.42,0.47,Intermediate,Reflexed,Tapering,To Tube,One-Third,Zero,Fluted,3.01,4.22,2.31,0.62,0.61,0.68,0.44,14.45,16.77,Even,Entire,Reniform-Chordate
Pop45_Ind2,reflexum,231,1.84,1.1,0.35,1.18,0.81,Intermediate,215,1.95,1.11,0.42,1.24,0.81,Intermediate,250,2.03,1.02,0.49,1.15,0.80,Intermediate,Reflexed,Tapering,To Tube,At Tube,Zero,Fluted,2.12,3.69,2.09,0.61,0.58,0.63,0.39,10.58,13.08,Even,Entire,Chordate
Pop45_Ind3,reflexum,226,1.91,1.09,0.66,1.07,0.93,Intermediate,252,1.73,1.07,0.65,1.17,1.00,Intermediate,262,1.81,1.12,0.62,1.1,1.00,Intermediate,Reflexed,Prominent,To Tube,At Tube,One,Flat,2.61,5.18,2.24,0.71,0.56,0.62,0.34,11.59,14.72,Even,Entire,Chordate
Pop46_Ind1,reflexum,178,0.85,0.78,0.64,0.78,1.00,Abrupt,184,0.94,0.82,0.57,0.78,1.00,Abrupt,161,0.98,0.95,0.66,0.85,1.00,Abrupt,Flat,Prominent,Entire,At Tube,Zero,Flat,2.4,2.94,2.04,0.5,0.54,0.52,0.32,8.05,9.27,Margins,Entire,Chordate
Pop46_Ind2,reflexum,254,1.39,1.13,0.59,0.91,1.00,Abrupt,237,1.31,1.07,0.71,0.93,1.00,Abrupt,248,1.36,1.07,0.64,0.95,1.00,Abrupt,Reflexed,Prominent,To Tube,At Tube,One,Fluted,1.78,2.77,2.29,0.44,0.55,0.78,0.39,10.54,12.75,Margins,Entire,Chordate
Pop46_Ind3,reflexum,123,1.36,0.96,0.69,1.08,1.00,Abrupt,205,1.27,0.98,0.77,1.1,1.00,Abrupt,107,1.28,1,0.81,1.02,1.00,Abrupt,Slight Incurve,Prominent,To Lobes,At Tube,Zero,Fluted,2.27,2.59,2.08,0.43,0.56,0.63,0.33,9.91,12.15,Margins,Entire,Chordate
Pop46_Ind4,reflexum,192,1.07,0.76,0.58,0.87,1.00,Abrupt,214,1.06,0.85,0.59,0.84,1.00,Abrupt,176,1.09,0.9,0.63,0.87,1.00,Abrupt,Intermediate,Prominent,Entire,At Tube,Zero,Fluted,1.98,2.68,1.76,0.46,0.5,0.41,0.26,8.37,9.63,Margins,Entire,Reniform-Chordate
Pop47_Ind1,reflexum,96,1.21,1.05,0.68,1.03,1.00,Abrupt,97,1.34,1.05,0.73,1.05,1.00,Abrupt,105,1.29,1.06,0.9,0.98,1.00,Abrupt,Closed,Sparse,To Tube,At Tube,Zero,Fluted,2.38,2.8,2.04,0.47,0.53,0.54,0.32,10.1,12.19,Margins,Entire,Reniform-Chordate
Pop47_Ind2,reflexum,269,1.2,0.91,0.55,0.75,1.00,Abrupt,195,1.15,0.99,0.5,0.78,1.00,Abrupt,239,1.17,0.93,0.67,0.72,1.00,Abrupt,Slight Reflex,Prominent,To Tube,At Tube,Zero,Fluted,2.25,3.83,2.12,0.23,0.56,0.68,0.35,11.58,15.56,Margins,Entire,Chordate
Pop47_Ind3,reflexum,223,1.36,1.01,0.46,0.95,1.00,Abrupt,237,1.25,1.08,0.56,0.82,1.00,Abrupt,214,1.29,1.08,0.63,0.94,1.00,Abrupt,Reflexed,Prominent,Entire,At Tube,Zero,Fluted,2.27,2.88,2.19,0.38,0.57,0.6,0.4,10.69,13.2,Margins,Entire,Reniform-Chordate
Pop48_Ind1,reflexum,212,0.83,0.81,0.55,0.62,1.00,Abrupt,152,0.9,0.89,0.45,0.74,0.93,Abrupt,154,0.96,0.92,0.71,0.69,1.00,Abrupt,Intermediate,Prominent,Entire,At Tube,Zero,Fluted,1.73,2.28,1.61,0.36,0.53,0.61,0.24,9.09,11.1,Margins,Entire,Reniform-Chordate
Pop48_Ind2,reflexum,,,,,,,,263,1.25,0.82,0.66,0.84,1.00,Abrupt,244,1.42,1.05,0.54,1.02,1.00,Abrupt,Reflexed,Prominent,Entire,At Tube,Zero,Fluted,2.26,3.36,1.92,0.44,0.57,0.55,0.23,9.38,12.76,Margins,Entire,Chordate
Pop48_Ind3,reflexum,195,1.38,1.02,0.54,0.88,0.94,Abrupt,237,1.33,1.03,0.67,0.93,1.00,Abrupt,246,1.44,1.07,0.57,0.82,0.88,Abrupt,Reflexed,Prominent,To Tube,At Tube,Two,Fluted,2.19,3.37,2.08,0.46,0.6,0.62,0.48,10.72,13.84,Margins,Entire,Reniform-Chordate
Pop49_Ind1,reflexum,,,,,,,,231,1.31,0.98,0.64,0.84,1.00,Abrupt,148,1.22,1.03,0.58,0.88,1.00,Abrupt,Intermediate,Prominent,To Tube,At Tube,Zero,Flat,2.09,2.7,1.98,0.48,0.52,0.5,0.26,9.4,11.45,Margins,Entire,Reniform
Pop49_Ind2,reflexum,253,1.18,0.82,0.49,0.89,1.00,Abrupt,259,1.06,0.9,0.67,0.8,1.00,Abrupt,264,1.15,0.92,0.53,0.9,1.00,Abrupt,Reflexed,Prominent,To Tube,At Tube,Zero,Flat,2.01,3.42,1.96,0.57,0.48,0.49,0.25,8.56,10.01,Even,Entire,Chordate
Pop49_Ind3,reflexum,267,1.04,0.8,0.49,0.85,1.00,Abrupt,251,1.05,0.82,0.54,0.78,1.00,Abrupt,253,1,0.91,0.54,0.78,1.00,Abrupt,Reflexed,Prominent,To Tube,At Tube,Zero,Flat,1.64,2.18,1.47,0.33,0.38,0.4,0.22,6.68,9.34,Even,Entire,Reniform
Pop50_Ind1,reflexum,139,1.53,0.92,0.56,1.05,1.00,Abrupt,150,1.47,0.89,0.44,0.9,0.90,Abrupt,248,1.56,0.97,0.67,1.04,1.00,Abrupt,Intermediate,Prominent,To Tube,At Tube,Zero,Fluted,2.09,3.84,2.14,0.62,0.56,0.55,0.31,10.92,14.05,Margins,Entire,Chordate
Pop50_Ind2,reflexum,260,1.2,0.74,0.47,0.72,1.00,Abrupt,232,1.14,0.8,0.53,0.74,1.00,Abrupt,247,1.12,0.81,0.54,0.77,1.00,Abrupt,Reflexed,Prominent,Entire,At Tube,Zero,Fluted,1.67,2.83,1.57,0.39,0.38,0.37,0.24,8.09,10.97,Margins,Entire,Reniform-Chordate
Pop50_Ind3,reflexum,169,1.56,0.89,0.53,1.08,1.00,Abrupt,173,1.44,0.9,0.59,0.92,1.00,Abrupt,236,1.59,0.95,0.58,1.02,1.00,Abrupt,Slight Incurve,Prominent,To Tube,At Tube,Three,Fluted,2.36,2.86,2.07,0.54,0.61,0.63,0.35,10.64,13.44,Margins,Entire,Chordate
Pop51_Ind4,reflexum,259,0.8,0.72,0.54,0.65,1.00,Abrupt,197,0.84,0.71,0.52,0.66,1.00,Abrupt,217,0.85,0.76,0.54,0.71,1.00,Abrupt,Slight Reflex,,,,Zero,Flat,1.68,3.12,1.69,0.38,0.41,0.34,0.21,7.49,9.42,Even,Entire,Reniform-Chordate
Pop52_Ind1,reflexum,241,1.16,0.97,0.68,0.8,1.00,Abrupt,258,1.11,0.88,0.56,0.82,1.00,Abrupt,223,1.21,0.93,0.64,0.78,1.00,Abrupt,Reflexed,,,,Zero,Fluted,1.98,4.23,1.84,0.47,0.38,0.4,0.27,7.89,10.33,Even,Entire,Reniform
Pop52_Ind2,reflexum,258,1.26,0.92,0.51,0.81,1.00,Abrupt,243,1.16,0.94,0.62,0.71,1.00,Abrupt,226,1.21,0.94,0.53,0.73,1.00,Abrupt,Reflexed,Prominent,Entire,At Tube,Zero,Fluted,1.87,3.01,1.75,0.49,0.49,0.57,0.36,6.69,10.18,Even,Entire,Reniform-Chordate
Pop52_Ind3,reflexum,219,1.17,0.93,0.65,0.69,1.00,Abrupt,,,,,,,,237,1.19,0.9,0.51,0.72,1.00,Abrupt,Reflexed,Prominent,Entire,At Tube,Zero,Fluted,1.86,2.85,1.77,0.54,0.52,0.54,0.35,6.94,9.29,Even,Entire,Chordate
Pop53_Ind1,reflexum,254,1.57,0.79,0.49,0.88,1.00,Intermediate,266,1.7,0.84,0.46,0.94,1.00,Intermediate,265,1.46,0.81,0.39,0.84,1.00,Intermediate,Reflexed,Prominent,Entire,At Tube,Zero,Fluted,2.11,2.27,2.1,0.65,0.61,0.56,0.33,9.59,12.1,Margins,Entire,Reniform-Chordate
Pop53_Ind2,reflexum,208,1.48,0.89,0.5,0.97,1.00,Intermediate,210,1.53,0.94,0.58,1.12,1.00,Intermediate,,,,,,,,Slight Reflex,Prominent,Entire,At Tube,Three,Fluted,2.21,3.06,2.12,0.53,0.61,0.54,0.3,11,12.82,Margins,Entire,Chordate
Pop53_Ind3,reflexum,259,1.45,0.87,0.34,0.99,0.95,Intermediate,97,1.52,0.82,0.39,1.1,0.61,Intermediate,267,1.59,0.79,0.49,1.02,1.00,Intermediate,Intermediate,Prominent,To Tube,At Tube,Zero,Fluted,1.72,1.08,1.53,0.63,0.35,0.58,0.2,8.59,10.71,Margins,Entire,
Pop55_Ind1,canadense,190,1.26,0.9,0.33,0.65,1.00,Intermediate,254,1.26,0.88,0.23,0.64,0.75,Intermediate,233,1.4,1.02,0.32,0.78,1.00,Intermediate,Reflexed,Prominent,Entire,At Tube,Three,Fluted,1.86,2.91,2.21,0.69,0.49,0.46,0.26,11.29,13.65,Even,Entire,Chordate
Pop55_Ind2,canadense,155,1.43,1.14,0.21,0.76,0.55,Intermediate,131,1.3,1.08,0.35,0.79,0.62,Intermediate,157,1.38,1.03,0.31,0.84,0.68,Intermediate,Slight Incurve,Prominent,Entire,At Tube,Three,Fluted,1.73,2.09,2.32,0.51,0.54,0.52,0.36,11.16,12.84,Even,Entire,Chordate
Pop55_Ind3,canadense,177,1.23,0.93,0.22,0.62,0.39,Intermediate,180,1.26,0.92,0.2,0.64,0.63,Intermediate,179,1.21,0.96,0.23,0.71,0.10,Intermediate,Flat,Tapering,To Lobes,One-Third,Three,Fluted,1.53,1.62,1.81,0.7,0.45,0.47,0.26,6.93,8.88,Even,Entire,Chordate
Pop56_Ind3,canadense,97,1.58,0.95,0.38,0.92,0.67,Intermediate,266,1.52,0.94,0.48,0.95,1.00,Intermediate,124,1.36,0.95,0.62,1.03,1.00,Intermediate,Intermediate,,,,One,Fluted,1.32,3.32,1.37,0.44,0.51,0.48,0.26,7.97,10.76,Even,Entire,Reniform-Chordate
Pop57_Ind1,reflexum,241,1.31,0.82,0.51,0.94,1.00,Abrupt,267,1.45,0.89,0.58,1,1.00,Abrupt,250,1.31,0.84,0.49,0.93,1.00,Abrupt,Reflexed,,,,One,Fluted,1.53,3.16,1.59,0.53,0.43,0.4,0.24,10,12.85,Margins,Entire,Reniform
Pop57_Ind2,reflexum,259,1.29,0.89,0.5,0.94,1.00,Abrupt,258,1.31,0.87,0.55,1.02,1.00,Abrupt,266,1.33,0.83,0.49,0.99,1.00,Abrupt,Reflexed,Prominent,To Tube,At Tube,Zero,Fluted,1.48,2.48,1.31,0.46,0.38,0.36,0.23,10.28,12.71,Margins,Entire,Chordate
Pop58_Ind1,reflexum,182,1.6,0.9,0.42,1.01,1.00,Intermediate,233,1.41,0.93,0.52,0.76,1.00,Intermediate,197,1.52,0.98,0.61,0.93,1.00,Intermediate,Intermediate,Prominent,To Tube,At Tube,Zero,Flat,2.28,2.3,2.16,0.52,0.53,0.54,0.3,11.6,12.98,Margins,Entire,Chordate
Pop58_Ind2,reflexum,276,1.4,0.87,0.58,0.91,1.00,Abrupt,238,1.31,0.82,0.59,0.94,1.00,Abrupt,261,1.41,0.92,0.57,0.9,1.00,Intermediate,Reflexed,Prominent,To Lobes,At Tube,One,,1.94,3.54,2.04,0.62,0.5,0.49,0.28,11.62,13.05,Margins,Entire,Reniform
Pop59_Ind1,reflexum,148,1.44,0.93,0.59,0.86,1.00,Abrupt,212,1.31,0.97,0.67,0.83,1.00,Abrupt,184,1.46,1.02,0.55,0.8,1.00,Abrupt,Intermediate,Prominent,Entire,At Tube,Zero,Flat,2.73,2.31,2.23,0.52,0.53,0.46,0.28,12.41,15.8,Margins,Entire,Reniform-Chordate
Pop59_Ind2,reflexum,226,1.37,0.9,0.6,0.87,1.00,Abrupt,255,1.16,0.94,0.62,0.89,1.00,Abrupt,247,1.51,1,0.62,0.95,1.00,Abrupt,Reflexed,Prominent,To Tube,At Tube,Two,Flat,1.86,2.29,2.17,0.58,0.42,0.36,0.26,10.31,11.93,Margins,Entire,Reniform-Chordate
Pop60_Ind1,reflexum,122,1.85,1.04,0.63,1.06,1.00,Abrupt,194,1.7,1.09,0.71,1.2,1.00,Abrupt,186,1.66,1.1,0.7,1.17,1.00,Abrupt,Flat,Prominent,Entire,At Tube,Zero,Flat,2.39,2.49,2.2,0.58,0.62,0.63,0.31,11.31,15.63,Even,Entire,Chordate
Pop60_Ind2,reflexum,206,1.55,1.18,0.72,1.1,1.00,Abrupt,208,1.31,1,0.72,0.87,0.98,Abrupt,,,,,,,,Reflexed,Prominent,Entire,At Tube,Two,Fluted,2.34,2.13,1.87,,0.53,0.59,0.29,10.11,13.09,Even,Entire,Reniform-Chordate
Pop61_Ind1,reflexum,185,1.44,1.08,0.56,0.92,1.00,Abrupt,171,1.35,1.09,0.81,1.08,1.00,Abrupt,187,1.39,1.14,0.69,1.06,1.00,Abrupt,Flat,Prominent,Entire,At Tube,Two,Fluted,2.77,2.94,2.03,0.63,0.6,0.68,0.4,12.21,16.13,Margins,Entire,Chordate
Pop62_Ind1,acuminatum,193,1.69,1.1,0.25,1.31,0.00,Tapering,218,1.8,1.1,0.21,1.42,0.00,Tapering,122,1.67,1.16,0.23,1.4,0.00,Tapering,Intermediate,Prominent,Entire,At Tube,Three,Flat,2.11,,2.03,0.46,0.52,0.5,0.33,13.19,15.51,Margins,Entire,Chordate
Pop62_Ind2,acuminatum,168,2.75,1.1,0.13,1.88,0.00,Tapering,201,3.05,1.06,0.1,1.9,0.14,Tapering,191,3.08,1.15,0.11,1.95,0.00,Tapering,Slight Reflex,Prominent,Entire,At Tube,Two,Flat,1.91,3.72,1.82,,0.47,0.46,0.27,12.5,15.35,Margins,Entire,Chordate
Pop63_Ind1,reflexum,245,1.63,0.94,0.56,1.12,1.00,Abrupt,251,1.54,1.03,0.48,1.04,1.00,Abrupt,,,,,,,,Reflexed,Tapering,Entire,At Tube,Three,Flat,2.1,2.96,2.01,0.68,0.57,0.6,0.31,12.41,15.11,Even,Entire,Reniform-Chordate
Pop63_Ind2,reflexum,256,1.64,0.93,0.58,1.1,1.00,Abrupt,260,1.65,0.98,0.65,0.95,1.00,Abrupt,269,1.83,0.99,0.55,1.14,1.00,Abrupt,Reflexed,Tapering,To Lobes,At Tube,Three,Fluted,2.3,3.47,1.93,0.58,0.53,0.57,0.26,12.9,16.16,Even,Entire,Chordate
Pop64_Ind1,reflexum,209,1.51,0.98,0.62,0.98,1.00,Abrupt,231,1.5,1.07,0.58,0.98,1.00,Abrupt,260,1.44,1.06,0.57,0.96,1.00,Abrupt,Reflexed,Prominent,Entire,At Tube,One,Flat,1.81,2.58,1.93,,0.52,0.54,0.32,8.65,10.17,Even,Entire,Reniform-Chordate
Pop65_Ind1,reflexum,247,1.08,0.9,0.67,0.8,1.00,Abrupt,261,1.24,0.86,0.64,0.86,1.00,Abrupt,256,1.09,0.94,0.64,0.79,1.00,Abrupt,Reflexed,Prominent,Entire,At Tube,Zero,Flat,1.55,2.28,1.44,0.47,0.37,0.42,0.22,9.58,11.83,Margins,Entire,Reniform-Chordate
Pop65_Ind2,reflexum,244,1.33,0.9,0.7,0.94,1.00,Abrupt,253,1.52,0.92,0.74,0.93,1.00,Abrupt,219,1.44,0.99,0.7,1.02,1.00,Abrupt,Reflexed,Prominent,Entire,At Tube,Zero,Flat,2.32,2.03,2.02,0.43,0.56,0.6,0.32,11.94,16.45,Margins,Entire,Chordate
Pop66_Ind1,reflexum,241,1.47,0.83,0.65,1.04,1.00,Abrupt,255,1.48,0.95,0.64,1,1.00,Abrupt,251,1.43,0.93,0.67,1.08,1.00,Abrupt,Reflexed,Prominent,Entire,At Tube,Three,Flat,2.01,2.37,1.7,,0.44,0.5,0.27,10.23,12.53,Margins,Entire,Chordate
Pop66_Ind2,reflexum,153,1.51,0.98,0.73,1.07,1.00,Abrupt,,,,,,,,191,1.61,1.1,0.68,1.22,1.00,Abrupt,Slight Incurve,Prominent,Entire,At Tube,Two,Flat,2.59,2.87,2.55,,0.6,0.66,0.32,11.49,17.6,Margins,Entire,Reniform-Chordate
Pop67_Ind1,reflexum,205,1.05,0.84,0.65,0.72,1.00,Abrupt,242,0.96,0.89,0.68,0.73,1.00,Abrupt,214,1.03,0.92,0.62,0.75,1.00,Abrupt,Reflexed,Prominent,Entire,At Tube,Zero,Flat,1.24,2.01,1.32,0.33,0.34,0.36,0.24,6.71,8.78,Even,Entire,Reniform
Pop68_Ind1,reflexum,184,1.2,0.94,0.74,0.82,1.00,Abrupt,266,1.21,0.98,0.66,0.9,1.00,Abrupt,237,1.27,1.02,0.68,0.87,1.00,Abrupt,Reflexed,Prominent,Entire,At Tube,One,Flat,1.81,2.46,1.52,0.56,0.46,0.48,0.3,9.43,10.95,Margins,Entire,Chordate
Pop68_Ind2,reflexum,224,1.14,0.92,0.68,0.93,1.00,Abrupt,236,1.15,1.01,0.75,0.86,1.00,Abrupt,245,1.15,0.94,0.62,0.93,1.00,Abrupt,Reflexed,Prominent,Entire,At Tube,Three,Flat,1.88,2.78,1.74,0.57,0.48,0.5,0.26,10.42,12.07,Even,Entire,Chordate
Pop69_Ind1,reflexum,238,1.46,0.99,0.59,0.94,1.00,Abrupt,250,1.47,0.96,0.57,0.88,1.00,Abrupt,173,1.34,0.92,0.66,0.82,1.00,Abrupt,Intermediate,Prominent,Entire,At Tube,Three,Flat,,,1.82,0.62,0.45,0.42,0.28,11.12,13.19,Margins,Entire,Reniform-Chordate
Pop70_Ind1,reflexum,252,1.49,0.98,0.74,0.96,1.00,Abrupt,246,1.6,1.14,0.63,1,1.00,Abrupt,249,1.53,1.04,0.56,0.98,1.00,Abrupt,Reflexed,Prominent,To Tube,At Tube,Zero,Flat,1.73,2.94,1.71,,0.4,0.41,0.29,9.32,11.23,Margins,Entire,Reniform-Chordate
Pop70_Ind2,reflexum,231,1.15,0.93,0.58,0.73,1.00,Abrupt,224,1.16,0.95,0.55,0.82,1.00,Abrupt,256,1.32,1.03,0.57,0.8,1.00,Abrupt,Reflexed,Prominent,To Tube,At Tube,Three,Flat,1.54,2.82,1.53,0.48,0.42,0.47,0.29,8.23,10.36,Even,Entire,Chordate
Pop71_Ind1,acuminatum,,,,,,,,254,1.92,1.07,0.31,0.94,0.55,Tapering,238,2.07,0.92,0.23,1.16,0.00,Tapering,Reflexed,Prominent,To Tube,At Tube,Three,Fluted,2.2,1.44,1.59,0.42,0.48,0.46,0.28,8.39,9.7,Margins,Entire,Chordate
Pop71_Ind2,acuminatum,157,2.08,1.09,0.21,1.14,0.14,Tapering,153,1.97,1.16,0.25,1.21,0.00,Tapering,149,2,1.09,0.22,1.12,0.09,Tapering,Slight Incurve,Prominent,Entire,At Tube,Three,Fluted,,,1.97,0.4,0.54,0.38,0.37,7.14,8.7,Margins,Entire,Chordate
Pop72_Ind1,canadense,290,2.01,1.12,0.18,1.1,0.28,Tapering,265,2.14,0.96,0.16,1.08,0.00,Tapering,234,2.12,1.02,0.31,1.17,0.12,Tapering,Reflexed,Tapering,To Lobes,One-Third,Three,Flat,1.4,3.02,1.43,0.51,0.34,0.45,0.29,10.19,11.87,Margins,Entire,Chordate
Pop72_Ind2,canadense,193,2.06,1.12,0.15,1.18,0.03,Tapering,263,1.91,1.1,0.19,1.05,0.62,Tapering,189,1.88,1.08,0.21,1.1,0.15,Tapering,Reflexed,Tapering,To Lobes,At Tube,Three,Flat,,,1.54,0.37,0.4,0.42,0.28,12.8,15.02,Margins,Entire,Reniform-Chordate
Pop73_Ind1,acuminatum,161,1.87,1.03,0.14,1.2,0.00,Tapering,192,2.04,1.06,0.22,1.31,0.14,Tapering,211,2.16,1.04,0.17,1.88,0.00,Tapering,Intermediate,Tapering,To Lobes,At Tube,Three,Flat,2.02,2.72,1.82,,0.47,0.5,0.3,9.95,12.05,Margins,Entire,Chordate
Pop73_Ind2,acuminatum,207,2.62,1.11,0.16,1.24,0.18,Tapering,170,2.36,1.19,0.15,1.44,0.00,Tapering,272,2.35,1.18,0.2,1.55,0.00,Tapering,Intermediate,Tapering,To Lobes,At Tube,Three,Flat,2.26,3.64,1.61,0.54,0.44,0.51,0.29,8.91,11.61,Margins,Entire,Chordate
Pop74_Ind1,canadense,265,2.01,0.92,0.15,1.1,0.31,Tapering,241,1.73,0.94,0.14,1.08,0.28,Tapering,245,1.85,1,0.22,1.18,0.69,Tapering,Reflexed,Tapering,To Lobes,At Tube,One,Flat,,,1.67,0.41,0.45,0.37,0.26,8.26,10.38,Margins,Entire,Chordate
Pop75_Ind1,acuminatum,226,2.43,1.1,0.16,1.2,0.00,Tapering,291,2.25,1.1,0.1,1.07,0.09,Tapering,266,2.21,1.12,0.11,1.21,0.38,Tapering,Reflexed,Tapering,To Lobes,At Tube,Three,Fluted,1.63,2.39,1.54,0.42,0.37,0.42,0.27,9.09,9.79,Margins,Entire,Chordate
Pop75_Ind2,acuminatum,,,,,,,,194,1.96,1.05,0.18,1.16,0.00,Tapering,296,1.95,0.94,0.18,1.01,0.17,Tapering,Reflexed,Tapering,To Lobes,At Tube,Three,Fluted,1.93,3.18,1.43,0.48,0.36,0.43,0.26,7.25,7.96,Margins,Entire,Chordate
Pop76_Ind1,acuminatum,251,2.13,0.97,0.14,1.14,0.00,Tapering,315,2.21,1.02,0.11,1.07,0.55,Tapering,251,2.34,0.93,0.09,1.1,0.36,Tapering,Reflexed,Tapering,To Lobes,At Tube,Three,Flat,1.29,2.95,1.37,0.43,0.33,0.4,0.27,6.92,7.5,Margins,Entire,Chordate
Pop76_Ind2,acuminatum,270,1.67,0.98,0.51,1.07,1.00,Intermediate,242,1.56,0.97,0.54,0.91,1.00,Intermediate,250,1.68,0.9,0.41,0.96,1.00,Intermediate,Reflexed,Tapering,To Lobes,At Tube,Three,Flat,1.85,,1.44,0.57,0.31,0.37,0.24,8.49,14.9,Even,Entire,Chordate
Pop77_Ind1,acuminatum,186,2.16,1,0.13,1.28,0.00,Tapering,217,2.11,0.98,0.14,1.18,0.24,Tapering,282,2.11,0.99,0.16,1.28,0.16,Tapering,Reflexed,Prominent,To Lobes,At Tube,Three,Flat,1.74,1.82,1.42,0.39,0.29,0.34,0.39,6.53,8.16,Margins,Entire,Chordate
Pop78_Ind1,acuminatum,271,2.2,1.03,0.14,1.12,0.00,Tapering,280,2.23,0.93,0.15,1.37,0.39,Tapering,261,2.16,1.02,0.22,1.21,0.41,Tapering,Reflexed,Tapering,To Lobes,At Tube,Three,Fluted,1.82,1.57,1.48,0.44,0.43,0.47,0.39,9.68,10.09,Margins,Entire,Chordate